Run,Title,Date,Time,Type,Pickup,MaxPower,MaxEngPower,AvgPower,MaxTorque,MaxEngTorque,AvgTorque,Temperature,Pressure,Humidity,DynoCF,RPM/Speed,R.T.,60ftE.T.,330ftE.T.,1/8E.T.,1/8MPH,1000ftE.T.,1000ftMPH,1/4E.T.,1/4MPH,60MPHE.T.,100MPHE.T.,100KPHE.T.,160KPHE.T.,StartSpeed,EndSpeed,SpeedE.T.,MaxSpeed,Notes,
1,Run #1,05/18/26,12/05,RO,Snapshot,106.7546310425,122.7678298950,92.9589691162,103.9375000000,119.5281219482,109.9740447998,79.9882812500,26.2690428696,48.7329711914,1.1619697342,5.6193332342,0.0000000000,2.1615204811,6.7349514961,10.6892471313,66.4136886597,14.1034440994,76.2863159180,16.9681224823,83.6760101318,8.7243757248,24.2343769073,9.3569450378,23.9537811279,0.0000000000,0.0000000000,0.0000000000,81.3395004272,,

Time,Speed I,Speed II,Distance I,Distance II,RPM,CPM,AF1,Power Accel I,Power Accel,Power I,Power,Power Split I,Roll Speed I,Roll Speed II,Torque Accel I,Torque Accel,Torque I,Torque,Torque Split I,Torque Roll Accel I,Torque Roll(s) Accel,Power Roll(s) Accel,Power Roll Accel I,Torque Roll I,Torque Roll(s),Power Roll I,Power Roll(s),Gear Ratio I,Gear Ratio II,Acceleration I,Acceleration II,            ###Average Piston Speed,Estimated Distance,Estimated Time,
0.2684789002,31.7731418610,0.0000000000,10.0176954269,0.0000000000,2500.0000000000,2499.9990234375,10.3737344623,-0.7830985188,-0.7830985188,-0.7830985188,-0.7830985188,1.0000000000,444.8924560547,0.0000000000,-1.6451693773,-1.6451693773,-1.6451693773,-1.6451693773,1.0000000000,-9.2447557449,-9.2447557449,-0.7830985188,-0.7830985188,-9.2447557449,-9.2447557449,-0.7830985188,-0.7830985188,5.6193356514,0.0000000000,-0.0696872920,0.0000000000,0.0000000000,1666.6666259766,0.0000000000,0.0000000000,
0.3668252230,31.7732067108,0.0000000000,14.5882472992,0.0000000000,2500.0000000000,2500.0041503906,10.3808593750,0.7659904957,0.7659904957,0.7659904957,0.7659904957,1.0000000000,444.8933410645,0.0000000000,1.6092249155,1.6092249155,1.6092249155,1.6092249155,1.0000000000,9.0427713394,9.0427713394,0.7659904957,0.7659904957,9.0427713394,9.0427713394,0.7659904957,0.7659904957,5.6193242073,0.0000000000,0.0681647286,0.0000000000,0.0000000000,1666.6666259766,0.0000000000,0.1551838964,
0.7790326476,32.4085464478,0.0000000000,33.9142189026,0.0000000000,2550.0000000000,2549.9943847656,10.3808593750,40.2694969177,40.2694969177,40.2694969177,40.2694969177,1.0000000000,453.7894897461,0.0000000000,82.9413375854,82.9413375854,82.9413375854,82.9413375854,1.0000000000,466.0750122070,466.0750122070,40.2694969177,40.2694969177,466.0750122070,466.0750122070,40.2694969177,40.2694969177,5.6193456650,0.0000000000,3.5132899284,0.0000000000,0.0000000000,1700.0000000000,10.9659309387,0.8056197166,
0.9369650483,33.0439262390,0.0000000000,41.4956130981,0.0000000000,2600.0000000000,2599.9877929688,10.3808593750,52.5480079651,52.5480079651,52.5480079651,52.5480079651,1.0000000000,462.6861572266,0.0000000000,106.1497650146,106.1497650146,106.1497650146,106.1497650146,1.0000000000,596.4909057617,596.4909057617,52.5480079651,52.5480079651,596.4909057617,596.4909057617,52.5480079651,52.5480079651,5.6193599701,0.0000000000,4.4963693619,0.0000000000,0.0000000000,1733.3333740234,16.1338939667,1.0548264980,
1.0721648932,33.6795654297,0.0000000000,48.1144332886,0.0000000000,2650.0000000000,2650.0014648438,10.3808593750,58.1733207703,58.1733207703,58.1733207703,58.1733207703,1.0000000000,471.5864562988,0.0000000000,115.2953567505,115.2953567505,115.2953567505,115.2953567505,1.0000000000,647.8830566406,647.8830566406,58.1733207703,58.1733207703,647.8830566406,647.8830566406,58.1733207703,58.1733207703,5.6193299294,0.0000000000,4.8837652206,0.0000000000,0.0000000000,1766.6666259766,21.2209453583,1.2681627274,
1.2010502815,34.3150024414,0.0000000000,54.5450744629,0.0000000000,2700.0000000000,2699.9995117188,10.3808593750,60.3136253357,60.3136253357,60.3136253357,60.3136253357,1.0000000000,480.4839782715,0.0000000000,117.3237152100,117.3237152100,117.3237152100,117.3237152100,1.0000000000,659.2810668945,659.2810668945,60.3136253357,60.3136253357,659.2810668945,659.2810668945,60.3136253357,60.3136253357,5.6193342209,0.0000000000,4.9696841240,0.0000000000,0.0000000000,1800.0000000000,26.6222877502,1.4715353251,
1.3288842440,34.9504661560,0.0000000000,61.0424842834,0.0000000000,2750.0000000000,2749.9997558594,10.3808593750,61.4580764771,61.4580764771,61.4580764771,61.4580764771,1.0000000000,489.3818359375,0.0000000000,117.3762969971,117.3762969971,117.3762969971,117.3762969971,1.0000000000,659.5765380859,659.5765380859,61.4580764771,61.4580764771,659.5765380859,659.5765380859,61.4580764771,61.4580764771,5.6193342209,0.0000000000,4.9719114304,0.0000000000,0.0000000000,1833.3333740234,32.4800071716,1.6732486486,
1.4565118551,35.5859336853,0.0000000000,67.6482238770,0.0000000000,2800.0000000000,2800.0000000000,10.3808593750,62.7814292908,62.7814292908,62.7814292908,62.7814292908,1.0000000000,498.2797241211,0.0000000000,117.7625656128,117.7625656128,117.7625656128,117.7625656128,1.0000000000,661.7471313477,661.7471313477,62.7814292908,62.7814292908,661.7471313477,661.7471313477,62.7814292908,62.7814292908,5.6193337440,0.0000000000,4.9882731438,0.0000000000,0.0000000000,1866.6666259766,38.7963752747,1.8746366501,
1.5837179422,36.2214393616,0.0000000000,74.3505859375,0.0000000000,2850.0000000000,2850.0034179688,10.3808593750,64.1581573486,64.1581573486,64.1581573486,64.1581573486,1.0000000000,507.1781921387,0.0000000000,118.2335052490,118.2335052490,118.2335052490,118.2335052490,1.0000000000,664.3934936523,664.3934936523,64.1581573486,64.1581573486,664.3934936523,664.3934936523,64.1581573486,64.1581573486,5.6193265915,0.0000000000,5.0082216263,0.0000000000,0.0000000000,1900.0000000000,45.5331001282,2.0753593445,
1.7105456591,36.8568649292,0.0000000000,81.1511001587,0.0000000000,2900.0000000000,2900.0004882813,10.3808593750,65.4144058228,65.4144058228,65.4144058228,65.4144058228,1.0000000000,516.0755004883,0.0000000000,118.4702835083,118.4702835083,118.4702835083,118.4702835083,1.0000000000,665.7239990234,665.7239990234,65.4144058228,65.4144058228,665.7239990234,665.7239990234,65.4144058228,65.4144058228,5.6193327904,0.0000000000,5.0182509422,0.0000000000,0.0000000000,1933.3333740234,52.6683654785,2.2754848003,
1.8374168873,37.4923667908,0.0000000000,88.0718231201,0.0000000000,2950.0000000000,2950.0036621094,10.3808593750,66.3962478638,66.3962478638,66.3962478638,66.3962478638,1.0000000000,524.9739379883,0.0000000000,118.2102279663,118.2102279663,118.2102279663,118.2102279663,1.0000000000,664.2626953125,664.2626953125,66.3962478638,66.3962478638,664.2626953125,664.2626953125,66.3962478638,66.3962478638,5.6193265915,0.0000000000,5.0072355270,0.0000000000,0.0000000000,1966.6666259766,60.2065086365,2.4756791592,
1.9648344517,38.1278266907,0.0000000000,95.1412811279,0.0000000000,3000.0000000000,3000.0031738281,10.3808593750,67.0851440430,67.0851440430,67.0851440430,67.0851440430,1.0000000000,533.8717041016,0.0000000000,117.4461364746,117.4461364746,117.4461364746,117.4461364746,1.0000000000,659.9689941406,659.9689941406,67.0851440430,67.0851440430,659.9689941406,659.9689941406,67.0851440430,67.0851440430,5.6193275452,0.0000000000,4.9748692513,0.0000000000,0.0000000000,2000.0000000000,68.1633605957,2.6767356396,
2.0928971767,38.7632598877,0.0000000000,102.3657531738,0.0000000000,3050.0000000000,3050.0007324219,10.3808593750,67.8690643311,67.8690643311,67.8690643311,67.8690643311,1.0000000000,542.7691650391,0.0000000000,116.8707962036,116.8707962036,116.8707962036,116.8707962036,1.0000000000,656.7359619141,656.7359619141,67.8690643311,67.8690643311,656.7359619141,656.7359619141,67.8690643311,67.8690643311,5.6193318367,0.0000000000,4.9504990578,0.0000000000,0.0000000000,2033.3333740234,76.5357666016,2.8788099289,
2.2213218212,39.3986892700,0.0000000000,109.7301712036,0.0000000000,3100.0000000000,3099.9982910156,10.3808593750,68.8456573486,68.8456573486,68.8456573486,68.8456573486,1.0000000000,551.6665039063,0.0000000000,116.6404495239,116.6404495239,116.6404495239,116.6404495239,1.0000000000,655.4415283203,655.4415283203,68.8456573486,68.8456573486,655.4415283203,655.4415283203,68.8456573486,68.8456573486,5.6193366051,0.0000000000,4.9407415390,0.0000000000,0.0000000000,2066.6667480469,85.2971572876,3.0814557076,
2.3498423100,40.0341758728,0.0000000000,117.2199554443,0.0000000000,3150.0000000000,3150.0000000000,10.3808593750,69.9936828613,69.9936828613,69.9936828613,69.9936828613,1.0000000000,560.5646972656,0.0000000000,116.7030944824,116.7030944824,116.7030944824,116.7030944824,1.0000000000,655.7935791016,655.7935791016,69.9936828613,69.9936828613,655.7935791016,655.7935791016,69.9936828613,69.9936828613,5.6193332672,0.0000000000,4.9433951378,0.0000000000,0.0000000000,2100.0000000000,94.4211196899,3.2842524052,
2.4783930779,40.6696205139,0.0000000000,124.8306884766,0.0000000000,3200.0000000000,3199.9985351563,10.3808593750,71.1178359985,71.1178359985,71.1178359985,71.1178359985,1.0000000000,569.4623413086,0.0000000000,116.7247085571,116.7247085571,116.7247085571,116.7247085571,1.0000000000,655.9150390625,655.9150390625,71.1178359985,71.1178359985,655.9150390625,655.9150390625,71.1178359985,71.1178359985,5.6193356514,0.0000000000,4.9443106651,0.0000000000,0.0000000000,2133.3332519531,103.8945999146,3.4870967865,
2.6067776680,41.3050918579,0.0000000000,132.5513610840,0.0000000000,3250.0000000000,3249.9990234375,10.3808593750,72.4352722168,72.4352722168,72.4352722168,72.4352722168,1.0000000000,578.3602294922,0.0000000000,117.0579528809,117.0579528809,117.0579528809,117.0579528809,1.0000000000,657.7876586914,657.7876586914,72.4352722168,72.4352722168,657.7876586914,657.7876586914,72.4352722168,72.4352722168,5.6193346977,0.0000000000,4.9584264755,0.0000000000,0.0000000000,2166.6667480469,113.6953048706,3.6896789074,
2.7346155643,41.9406166077,0.0000000000,140.3582458496,0.0000000000,3300.0000000000,3300.0041503906,10.3808593750,73.9546279907,73.9546279907,73.9546279907,73.9546279907,1.0000000000,587.2589721680,0.0000000000,117.7023010254,117.7023010254,117.7023010254,117.7023010254,1.0000000000,661.4084472656,661.4084472656,73.9546279907,73.9546279907,661.4084472656,661.4084472656,73.9546279907,73.9546279907,5.6193265915,0.0000000000,4.9857201576,0.0000000000,0.0000000000,2200.0000000000,123.7856521606,3.8913989067,
2.8618621826,42.5760231018,0.0000000000,148.2475128174,0.0000000000,3350.0000000000,3349.9995117188,10.3808593750,75.3744201660,75.3744201660,75.3744201660,75.3744201660,1.0000000000,596.1560668945,0.0000000000,118.1716537476,118.1716537476,118.1716537476,118.1716537476,1.0000000000,664.0458984375,664.0458984375,75.3744201660,75.3744201660,664.0458984375,664.0458984375,75.3744201660,75.3744201660,5.6193342209,0.0000000000,5.0056014061,0.0000000000,0.0000000000,2233.3332519531,134.1524200439,4.0921850204,
2.9888465405,43.2114944458,0.0000000000,156.2388153076,0.0000000000,3400.0000000000,3400.0004882813,10.3808593750,76.4498596191,76.4498596191,76.4498596191,76.4498596191,1.0000000000,605.0540161133,0.0000000000,118.0950775146,118.0950775146,118.0950775146,118.0950775146,1.0000000000,663.6156005859,663.6156005859,76.4498596191,76.4498596191,663.6156005859,663.6156005859,76.4498596191,76.4498596191,5.6193327904,0.0000000000,5.0023579597,0.0000000000,0.0000000000,2266.6667480469,144.8134307861,4.2925581932,
3.1158843040,43.8469047546,0.0000000000,164.3515625000,0.0000000000,3450.0000000000,3449.9960937500,10.3808593750,77.4445037842,77.4445037842,77.4445037842,77.4445037842,1.0000000000,613.9511108398,0.0000000000,117.8979034424,117.8979034424,117.8979034424,117.8979034424,1.0000000000,662.5075683594,662.5075683594,77.4445037842,77.4445037842,662.5075683594,662.5075683594,77.4445037842,77.4445037842,5.6193399429,0.0000000000,4.9940056801,0.0000000000,0.0000000000,2300.0000000000,155.7887115479,4.4930152893,
3.2435195446,44.4823837280,0.0000000000,172.6215972900,0.0000000000,3500.0000000000,3499.9973144531,10.3808593750,78.0881500244,78.0881500244,78.0881500244,78.0881500244,1.0000000000,622.8491821289,0.0000000000,117.1794662476,117.1794662476,117.1794662476,117.1794662476,1.0000000000,658.4704589844,658.4704589844,78.0881500244,78.0881500244,658.4704589844,658.4704589844,78.0881500244,78.0881500244,5.6193380356,0.0000000000,4.9635734558,0.0000000000,0.0000000000,2333.3332519531,167.1211547852,4.6944150925,
3.3722867966,45.1179580688,0.0000000000,181.0848846436,0.0000000000,3550.0000000000,3550.0061035156,10.3808593750,78.3651809692,78.3651809692,78.3651809692,78.3651809692,1.0000000000,631.7485961914,0.0000000000,115.9386138916,115.9386138916,115.9386138916,115.9386138916,1.0000000000,651.4977416992,651.4977416992,78.3651809692,78.3651809692,651.4977416992,651.4977416992,78.3651809692,78.3651809692,5.6193237305,0.0000000000,4.9110131264,0.0000000000,0.0000000000,2366.6667480469,178.8567504883,4.8976016045,
3.5018751621,45.7533531189,0.0000000000,189.7227478027,0.0000000000,3600.0000000000,3600.0007324219,10.3808593750,79.1132431030,79.1132431030,79.1132431030,79.1132431030,1.0000000000,640.6455078125,0.0000000000,115.4198913574,115.4198913574,115.4198913574,115.4198913574,1.0000000000,648.5828247070,648.5828247070,79.1132431030,79.1132431030,648.5828247070,648.5828247070,79.1132431030,79.1132431030,5.6193323135,0.0000000000,4.8890404701,0.0000000000,0.0000000000,2400.0000000000,190.9677276611,5.1020832062,
3.6322836876,46.3888282776,0.0000000000,198.5367126465,0.0000000000,3650.0000000000,3650.0017089844,10.3808593750,79.7822265625,79.7822265625,79.7822265625,79.7822265625,1.0000000000,649.5435180664,0.0000000000,114.8013992310,114.8013992310,114.8013992310,114.8013992310,1.0000000000,645.1072998047,645.1072998047,79.7822265625,79.7822265625,645.1072998047,645.1072998047,79.7822265625,79.7822265625,5.6193308830,0.0000000000,4.8628416061,0.0000000000,0.0000000000,2433.3332519531,203.4537200928,5.3078589439,
3.7630376816,47.0242309570,0.0000000000,207.4957427979,0.0000000000,3700.0000000000,3699.9970703125,10.3808593750,80.7486801147,80.7486801147,80.7486801147,80.7486801147,1.0000000000,658.4405517578,0.0000000000,114.6220397949,114.6220397949,114.6220397949,114.6220397949,1.0000000000,644.0994873047,644.0994873047,80.7486801147,80.7486801147,644.0994873047,644.0994873047,80.7486801147,80.7486801147,5.6193380356,0.0000000000,4.8552446365,0.0000000000,0.0000000000,2466.6667480469,216.2682647705,5.5141797066,
3.8941926956,47.6597747803,0.0000000000,216.6044311523,0.0000000000,3750.0000000000,3750.0031738281,10.3808593750,81.4186248779,81.4186248779,81.4186248779,81.4186248779,1.0000000000,667.3395385742,0.0000000000,114.0318603516,114.0318603516,114.0318603516,114.0318603516,1.0000000000,640.7830200195,640.7830200195,81.4186248779,81.4186248779,640.7830200195,640.7830200195,81.4186248779,81.4186248779,5.6193284988,0.0000000000,4.8302450180,0.0000000000,0.0000000000,2500.0000000000,229.4139709473,5.7211341858,
4.0263566971,48.2951774597,0.0000000000,225.9060668945,0.0000000000,3800.0000000000,3799.9987792969,10.3808593750,81.7508010864,81.7508010864,81.7508010864,81.7508010864,1.0000000000,676.2365722656,0.0000000000,112.9906845093,112.9906845093,112.9906845093,112.9906845093,1.0000000000,634.9323120117,634.9323120117,81.7508010864,81.7508010864,634.9323120117,634.9323120117,81.7508010864,81.7508010864,5.6193351746,0.0000000000,4.7861423492,0.0000000000,0.0000000000,2533.3332519531,242.9505767822,5.9296798706,
4.1593203545,48.9306564331,0.0000000000,235.3881835938,0.0000000000,3850.0000000000,3849.9997558594,10.3808593750,82.5825729370,82.5825729370,82.5825729370,82.5825729370,1.0000000000,685.1345825195,0.0000000000,112.6579360962,112.6579360962,112.6579360962,112.6579360962,1.0000000000,633.0625000000,633.0625000000,82.5825729370,82.5825729370,633.0625000000,633.0625000000,82.5825729370,82.5825729370,5.6193337440,0.0000000000,4.7720475197,0.0000000000,0.0000000000,2566.6667480469,256.8580932617,6.1394877434,
4.2923707962,49.5661354065,0.0000000000,245.0001068115,0.0000000000,3900.0000000000,3900.0009765625,10.3808593750,83.8120346069,83.8120346069,83.8120346069,83.8120346069,1.0000000000,694.0326538086,0.0000000000,112.8692779541,112.8692779541,112.8692779541,112.8692779541,1.0000000000,634.2501220703,634.2501220703,83.8120346069,83.8120346069,634.2501220703,634.2501220703,83.8120346069,83.8120346069,5.6193318367,0.0000000000,4.7809996605,0.0000000000,0.0000000000,2600.0000000000,271.0613098145,6.3494319916,
4.4252705574,50.2015953064,0.0000000000,254.7249298096,0.0000000000,3950.0000000000,3950.0007324219,10.3808593750,84.9518585205,84.9518585205,84.9518585205,84.9518585205,1.0000000000,702.9304809570,0.0000000000,112.9561233521,112.9561233521,112.9561233521,112.9561233521,1.0000000000,634.7380981445,634.7380981445,84.9518585205,84.9518585205,634.7380981445,634.7380981445,84.9518585205,84.9518585205,5.6193323135,0.0000000000,4.7846784592,0.0000000000,0.0000000000,2633.3332519531,285.5317382813,6.5591387749,
4.5579085350,50.8370094299,0.0000000000,264.5541992188,0.0000000000,4000.0000000000,3999.9968261719,10.3808593750,86.2155990601,86.2155990601,86.2155990601,86.2155990601,1.0000000000,711.8276367188,0.0000000000,113.2036132813,113.2036132813,113.2036132813,113.2036132813,1.0000000000,636.1288452148,636.1288452148,86.2155990601,86.2155990601,636.1288452148,636.1288452148,86.2155990601,86.2155990601,5.6193380356,0.0000000000,4.7951617241,0.0000000000,0.0000000000,2666.6667480469,300.2535705566,6.7684330940,
4.6905951500,51.4725074768,0.0000000000,274.5104370117,0.0000000000,4050.0000000000,4050.0000000000,10.3808593750,87.1443176270,87.1443176270,87.1443176270,87.1443176270,1.0000000000,720.7260131836,0.0000000000,113.0103302002,113.0103302002,113.0103302002,113.0103302002,1.0000000000,635.0427246094,635.0427246094,87.1443176270,87.1443176270,635.0427246094,635.0427246094,87.1443176270,87.1443176270,5.6193337440,0.0000000000,4.7869744301,0.0000000000,0.0000000000,2700.0000000000,315.2574768066,6.9778037071,
4.8232073784,52.1079444885,0.0000000000,284.5848083496,0.0000000000,4100.0000000000,4099.9975585938,10.3808593750,88.4384078979,88.4384078979,88.4384078979,88.4384078979,1.0000000000,729.6234741211,0.0000000000,113.2899551392,113.2899551392,113.2899551392,113.2899551392,1.0000000000,636.6140136719,636.6140136719,88.4384078979,88.4384078979,636.6140136719,636.6140136719,88.4384078979,88.4384078979,5.6193366051,0.0000000000,4.7988190651,0.0000000000,0.0000000000,2733.3332519531,330.5275573730,7.1870570183,
4.9552063942,52.7434806824,0.0000000000,294.7354736328,0.0000000000,4150.0000000000,4150.0034179688,10.3808593750,90.0895843506,90.0895843506,90.0895843506,90.0895843506,1.0000000000,738.5223999023,0.0000000000,114.0145263672,114.0145263672,114.0145263672,114.0145263672,1.0000000000,640.6856079102,640.6856079102,90.0895843506,90.0895843506,640.6856079102,640.6856079102,90.0895843506,90.0895843506,5.6193284988,0.0000000000,4.8295111656,0.0000000000,0.0000000000,2766.6667480469,345.9983825684,7.3953423500,
5.0865626335,53.3789520264,0.0000000000,304.9591369629,0.0000000000,4200.0000000000,4200.0039062500,10.3808593750,91.4459228516,91.4459228516,91.4459228516,91.4459228516,1.0000000000,747.4203491211,0.0000000000,114.3533020020,114.3533020020,114.3533020020,114.3533020020,1.0000000000,642.5892944336,642.5892944336,91.4459228516,91.4459228516,642.5892944336,642.5892944336,91.4459228516,91.4459228516,5.6193280220,0.0000000000,4.8438611031,0.0000000000,0.0000000000,2800.0000000000,361.6611633301,7.6026139259,
5.2177815437,54.0143547058,0.0000000000,315.2943420410,0.0000000000,4250.0000000000,4249.9990234375,10.3808593750,92.5418701172,92.5418701172,92.5418701172,92.5418701172,1.0000000000,756.3173217773,0.0000000000,114.3624649048,114.3624649048,114.3624649048,114.3624649048,1.0000000000,642.6408081055,642.6408081055,92.5418701172,92.5418701172,642.6408081055,642.6408081055,92.5418701172,92.5418701172,5.6193346977,0.0000000000,4.8442492485,0.0000000000,0.0000000000,2833.3332519531,377.5718688965,7.8096685410,
5.3486185074,54.6498069763,0.0000000000,325.7213134766,0.0000000000,4300.0000000000,4299.9985351563,10.3808593750,94.0809097290,94.0809097290,94.0809097290,94.0809097290,1.0000000000,765.2150878906,0.0000000000,114.9125061035,114.9125061035,114.9125061035,114.9125061035,1.0000000000,645.7316894531,645.7316894531,94.0809097290,94.0809097290,645.7316894531,645.7316894531,94.0809097290,94.0809097290,5.6193351746,0.0000000000,4.8675479889,0.0000000000,0.0000000000,2866.6667480469,393.6982116699,8.0161199570,
5.4785432816,55.2852973938,0.0000000000,336.1965942383,0.0000000000,4350.0000000000,4350.0009765625,10.3808593750,96.1920928955,96.1920928955,96.1920928955,96.1920928955,1.0000000000,774.1132812500,0.0000000000,116.1406173706,116.1406173706,116.1406173706,116.1406173706,1.0000000000,652.6328125000,652.6328125000,96.1920928955,96.1920928955,652.6328125000,652.6328125000,96.1920928955,96.1920928955,5.6193323135,0.0000000000,4.9195694923,0.0000000000,0.0000000000,2900.0000000000,409.9715270996,8.2211332321,
5.6073880196,55.9207382202,0.0000000000,346.7046508789,0.0000000000,4400.0000000000,4399.9990234375,10.3808593750,97.8697204590,97.8697204590,97.8697204590,97.8697204590,1.0000000000,783.0108032227,0.0000000000,116.8234024048,116.8234024048,116.8234024048,116.8234024048,1.0000000000,656.4696655273,656.4696655273,97.8697204590,97.8697204590,656.4696655273,656.4696655273,97.8697204590,97.8697204590,5.6193346977,0.0000000000,4.9484915733,0.0000000000,0.0000000000,2933.3332519531,426.3641662598,8.4244413376,
5.7356567383,56.5562324524,0.0000000000,357.2854919434,0.0000000000,4450.0000000000,4450.0014648438,10.3808593750,99.0471725464,99.0471725464,99.0471725464,99.0471725464,1.0000000000,791.9091186523,0.0000000000,116.9004058838,116.9004058838,116.9004058838,116.9004058838,1.0000000000,656.9023437500,656.9023437500,99.0471725464,99.0471725464,656.9023437500,656.9023437500,99.0471725464,99.0471725464,5.6193318367,0.0000000000,4.9517531395,0.0000000000,0.0000000000,2966.6667480469,442.9341430664,8.6268405914,
5.8641071320,57.1917037964,0.0000000000,368.0010070801,0.0000000000,4500.0000000000,4500.0019531250,10.3808593750,99.9727096558,99.9727096558,99.9727096558,99.9727096558,1.0000000000,800.8070678711,0.0000000000,116.6817169189,116.6817169189,116.6817169189,116.6817169189,1.0000000000,655.6734619141,655.6734619141,99.9727096558,99.9727096558,655.6734619141,655.6734619141,99.9727096558,99.9727096558,5.6193308830,0.0000000000,4.9424896240,0.0000000000,0.0000000000,3000.0000000000,459.7763671875,8.8295278549,
5.9927988052,57.8271369934,0.0000000000,378.8564453125,0.0000000000,4550.0000000000,4550.0000000000,10.3808593750,101.0261077881,101.0261077881,101.0261077881,101.0261077881,1.0000000000,809.7045288086,0.0000000000,116.6155090332,116.6155090332,116.6155090332,116.6155090332,1.0000000000,655.3013916016,655.3013916016,101.0261077881,101.0261077881,655.3013916016,655.3013916016,101.0261077881,101.0261077881,5.6193337440,0.0000000000,4.9396853447,0.0000000000,0.0000000000,3033.3332519531,476.8977966309,9.0325937271,
6.1212043762,58.4626007080,0.0000000000,389.8073730469,0.0000000000,4600.0000000000,4599.9995117188,10.3808593750,102.4087677002,102.4087677002,102.4087677002,102.4087677002,1.0000000000,818.6023559570,0.0000000000,116.9266281128,116.9266281128,116.9266281128,116.9266281128,1.0000000000,657.0496826172,657.0496826172,102.4087677002,102.4087677002,657.0496826172,657.0496826172,102.4087677002,102.4087677002,5.6193342209,0.0000000000,4.9528636932,0.0000000000,0.0000000000,3066.6667480469,494.2266235352,9.2352094650,
6.2493662834,59.0980758667,0.0000000000,400.8566894531,0.0000000000,4650.0000000000,4650.0004882813,10.3808593750,103.6251220703,103.6251220703,103.6251220703,103.6251220703,1.0000000000,827.5003662109,0.0000000000,117.0431823730,117.0431823730,117.0431823730,117.0431823730,1.0000000000,657.7046508789,657.7046508789,103.6251220703,103.6251220703,657.7046508789,657.7046508789,103.6251220703,103.6251220703,5.6193327904,0.0000000000,4.9578008652,0.0000000000,0.0000000000,3100.0000000000,511.7654418945,9.4374399185,
6.3775677681,59.7334709167,0.0000000000,412.0293273926,0.0000000000,4700.0000000000,4699.9951171875,10.3808593750,104.6487045288,104.6487045288,104.6487045288,104.6487045288,1.0000000000,836.3972778320,0.0000000000,116.9419937134,116.9419937134,116.9419937134,116.9419937134,1.0000000000,657.1360473633,657.1360473633,104.6487045288,104.6487045288,657.1360473633,657.1360473633,104.6487045288,104.6487045288,5.6193389893,0.0000000000,4.9535145760,0.0000000000,0.0000000000,3133.3332519531,529.5509033203,9.6397342682,
6.5060911179,60.3690643311,0.0000000000,423.3494567871,0.0000000000,4750.0000000000,4750.0053710938,10.3808593750,105.3642501831,105.3642501831,105.3642501831,105.3642501831,1.0000000000,845.2969360352,0.0000000000,116.5019683838,116.5019683838,116.5019683838,116.5019683838,1.0000000000,654.6633911133,654.6633911133,105.3642501831,105.3642501831,654.6633911133,654.6633911133,105.3642501831,105.3642501831,5.6193270683,0.0000000000,4.9348759651,0.0000000000,0.0000000000,3166.6667480469,547.6204223633,9.8425350189,
6.6351308823,61.0044708252,0.0000000000,434.8352966309,0.0000000000,4800.0000000000,4800.0009765625,10.3808593750,106.0589904785,106.0589904785,106.0589904785,106.0589904785,1.0000000000,854.1940307617,0.0000000000,116.0486907959,116.0486907959,116.0486907959,116.0486907959,1.0000000000,652.1162719727,652.1162719727,106.0589904785,106.0589904785,652.1162719727,652.1162719727,106.0589904785,106.0589904785,5.6193323135,0.0000000000,4.9156756401,0.0000000000,0.0000000000,3200.0000000000,566.0010986328,10.0461511612,
6.7642822266,61.6398887634,0.0000000000,446.4512634277,0.0000000000,4850.0000000000,4849.9975585938,10.3808593750,107.4650268555,107.4650268555,107.4650268555,107.4650268555,1.0000000000,863.0912475586,0.0000000000,116.3750076294,116.3750076294,116.3750076294,116.3750076294,1.0000000000,653.9499511719,653.9499511719,107.4650268555,107.4650268555,653.9499511719,653.9499511719,107.4650268555,107.4650268555,5.6193361282,0.0000000000,4.9294977188,0.0000000000,0.0000000000,3233.3332519531,584.6358642578,10.2499427795,
6.8929586411,62.2753982544,0.0000000000,458.1442565918,0.0000000000,4900.0000000000,4900.0014648438,10.3808593750,109.0854644775,109.0854644775,109.0854644775,109.0854644775,1.0000000000,871.9897460938,0.0000000000,116.9243011475,116.9243011475,116.9243011475,116.9243011475,1.0000000000,657.0366210938,657.0366210938,109.0854644775,109.0854644775,657.0366210938,657.0366210938,109.0854644775,109.0854644775,5.6193318367,0.0000000000,4.9527654648,0.0000000000,0.0000000000,3266.6667480469,603.4381103516,10.4529857635,
7.0212779045,62.9108352661,0.0000000000,469.9245910645,0.0000000000,4950.0000000000,4949.9990234375,10.3808593750,110.2823638916,110.2823638916,110.2823638916,110.2823638916,1.0000000000,880.8872680664,0.0000000000,117.0132369995,117.0132369995,117.0132369995,117.0132369995,1.0000000000,657.5363769531,657.5363769531,110.2823638916,110.2823638916,657.5363769531,657.5363769531,110.2823638916,110.2823638916,5.6193342209,0.0000000000,4.9565324783,0.0000000000,0.0000000000,3300.0000000000,622.4215698242,10.6554651260,
7.1492443085,63.5463104248,0.0000000000,481.7916564941,0.0000000000,5000.0000000000,5000.0000000000,10.3808593750,111.8362731934,111.8362731934,111.8362731934,111.8362731934,1.0000000000,889.7852783203,0.0000000000,117.4753494263,117.4753494263,117.4753494263,117.4753494263,1.0000000000,660.1331176758,660.1331176758,111.8362731934,111.8362731934,660.1331176758,660.1331176758,111.8362731934,111.8362731934,5.6193332672,0.0000000000,4.9761071205,0.0000000000,0.0000000000,3333.3332519531,641.5844726563,10.8573875427,
7.2764482498,64.1817550659,0.0000000000,493.7065124512,0.0000000000,5050.0000000000,5049.9985351563,10.3808593750,113.7356109619,113.7356109619,113.7356109619,113.7356109619,1.0000000000,898.6828613281,0.0000000000,118.2876205444,118.2876205444,118.2876205444,118.2876205444,1.0000000000,664.6975708008,664.6975708008,113.7356109619,113.7356109619,664.6975708008,664.6975708008,113.7356109619,113.7356109619,5.6193351746,0.0000000000,5.0105137825,0.0000000000,0.0000000000,3366.6667480469,660.8624267578,11.0581073761,
7.4027643204,64.8172378540,0.0000000000,505.6558837891,0.0000000000,5100.0000000000,5100.0000000000,10.3808593750,115.6135635376,115.6135635376,115.6135635376,115.6135635376,1.0000000000,907.5809936523,0.0000000000,119.0618667603,119.0618667603,119.0618667603,119.0618667603,1.0000000000,669.0482788086,669.0482788086,115.6135635376,115.6135635376,669.0482788086,669.0482788086,115.6135635376,115.6135635376,5.6193332672,0.0000000000,5.0433096886,0.0000000000,0.0000000000,3400.0000000000,680.2322387695,11.2574253082,
7.5284261703,65.4527206421,0.0000000000,517.6604614258,0.0000000000,5150.0000000000,5150.0019531250,10.3808593750,117.1166763306,117.1166763306,117.1166763306,117.1166763306,1.0000000000,916.4791259766,0.0000000000,119.4388046265,119.4388046265,119.4388046265,119.4388046265,1.0000000000,671.1664428711,671.1664428711,117.1166763306,117.1166763306,671.1664428711,671.1664428711,117.1166763306,117.1166763306,5.6193313599,0.0000000000,5.0592761040,0.0000000000,0.0000000000,3433.3332519531,699.7252197266,11.4557113647,
7.6539087296,66.0881881714,0.0000000000,529.7647094727,0.0000000000,5200.0000000000,5200.0019531250,10.3808593750,118.3421630859,118.3421630859,118.3421630859,118.3421630859,1.0000000000,925.3770141602,0.0000000000,119.5281219482,119.5281219482,119.5281219482,119.5281219482,1.0000000000,671.6683349609,671.6683349609,118.3421630859,118.3421630859,671.6683349609,671.6683349609,118.3421630859,118.3421630859,5.6193313599,0.0000000000,5.0630598068,0.0000000000,0.0000000000,3466.6667480469,719.4120483398,11.6537141800,
7.7793593407,66.7236251831,0.0000000000,541.9828491211,0.0000000000,5250.0000000000,5250.0000000000,10.3808593750,119.4746856689,119.4746856689,119.4746856689,119.4746856689,1.0000000000,934.2745361328,0.0000000000,119.5227737427,119.5227737427,119.5227737427,119.5227737427,1.0000000000,671.6383056641,671.6383056641,119.4746856689,119.4746856689,671.6383056641,671.6383056641,119.4746856689,119.4746856689,5.6193332672,0.0000000000,5.0628333092,0.0000000000,0.0000000000,3500.0000000000,739.3137817383,11.8516664505,
7.9050936699,67.3590698242,0.0000000000,554.3458862305,0.0000000000,5300.0000000000,5299.9985351563,10.3808593750,120.1530609131,120.1530609131,120.1530609131,120.1530609131,1.0000000000,943.1721191406,0.0000000000,119.0674819946,119.0674819946,119.0674819946,119.0674819946,1.0000000000,669.0798950195,669.0798950195,120.1530609131,120.1530609131,669.0798950195,669.0798950195,120.1530609131,120.1530609131,5.6193351746,0.0000000000,5.0435476303,0.0000000000,0.0000000000,3533.3332519531,759.4791259766,12.0500669479,
8.0315456390,67.9944915771,0.0000000000,566.8972778320,0.0000000000,5350.0000000000,5349.9951171875,10.3808593750,120.3661346436,120.3661346436,120.3661346436,120.3661346436,1.0000000000,952.0693359375,0.0000000000,118.1639556885,118.1639556885,118.1639556885,118.1639556885,1.0000000000,664.0026855469,664.0026855469,120.3661346436,120.3661346436,664.0026855469,664.0026855469,120.3661346436,120.3661346436,5.6193385124,0.0000000000,5.0052757263,0.0000000000,0.0000000000,3566.6667480469,779.9771728516,12.2496004105,
8.1592350006,68.6300125122,0.0000000000,579.6904296875,0.0000000000,5400.0000000000,5400.0000000000,10.3808593750,120.1318817139,120.1318817139,120.1318817139,120.1318817139,1.0000000000,960.9680786133,0.0000000000,116.8418960571,116.8418960571,116.8418960571,116.8418960571,1.0000000000,656.5735473633,656.5735473633,120.1318817139,120.1318817139,656.5735473633,656.5735473633,120.1318817139,120.1318817139,5.6193332672,0.0000000000,4.9492750168,0.0000000000,0.0000000000,3600.0000000000,800.8930053711,12.4510860443,
8.2882242203,69.2654876709,0.0000000000,592.7338867188,0.0000000000,5450.0000000000,5450.0004882813,10.3808593750,120.1916427612,120.1916427612,120.1916427612,120.1916427612,1.0000000000,969.8660278320,0.0000000000,115.8275299072,115.8275299072,115.8275299072,115.8275299072,1.0000000000,650.8734741211,650.8734741211,120.1916427612,120.1916427612,650.8734741211,650.8734741211,120.1916427612,120.1916427612,5.6193327904,0.0000000000,4.9063076973,0.0000000000,0.0000000000,3633.3332519531,822.2395019531,12.6546211243,
8.4182958603,69.9008789063,0.0000000000,606.0079956055,0.0000000000,5500.0000000000,5499.9951171875,10.3808593750,120.2896728516,120.2896728516,120.2896728516,120.2896728516,1.0000000000,978.7629394531,0.0000000000,114.8682785034,114.8682785034,114.8682785034,114.8682785034,1.0000000000,645.4830932617,645.4830932617,120.2896728516,120.2896728516,645.4830932617,645.4830932617,120.2896728516,120.2896728516,5.6193380356,0.0000000000,4.8656744957,0.0000000000,0.0000000000,3666.6667480469,843.9830322266,12.8598661423,
8.5494222641,70.5364151001,0.0000000000,619.5115966797,0.0000000000,5550.0000000000,5550.0004882813,10.3808593750,120.5398254395,120.5398254395,120.5398254395,120.5398254395,1.0000000000,987.6617431641,0.0000000000,114.0700378418,114.0700378418,114.0700378418,114.0700378418,1.0000000000,640.9975585938,640.9975585938,120.5398254395,120.5398254395,640.9975585938,640.9975585938,120.5398254395,120.5398254395,5.6193327904,0.0000000000,4.8318624496,0.0000000000,0.0000000000,3700.0000000000,866.1205444336,13.0667743683,
8.6811656952,71.1717834473,0.0000000000,633.2017822266,0.0000000000,5600.0000000000,5599.9936523438,10.3808593750,121.1524047852,121.1524047852,121.1524047852,121.1524047852,1.0000000000,996.5583496094,0.0000000000,113.6262283325,113.6262283325,113.6262283325,113.6262283325,1.0000000000,638.5036621094,638.5036621094,121.1524047852,121.1524047852,638.5036621094,638.5036621094,121.1524047852,121.1524047852,5.6193399429,0.0000000000,4.8130631447,0.0000000000,0.0000000000,3733.3332519531,888.5797119141,13.2746572495,
8.8134098053,71.8073272705,0.0000000000,647.0670776367,0.0000000000,5650.0000000000,5650.0000000000,10.3808593750,121.6095199585,121.6095199585,121.6095199585,121.6095199585,1.0000000000,1005.4572753906,0.0000000000,113.0454864502,113.0454864502,113.0454864502,113.0454864502,1.0000000000,635.2402343750,635.2402343750,121.6095199585,121.6095199585,635.2402343750,635.2402343750,121.6095199585,121.6095199585,5.6193337440,0.0000000000,4.7884635925,0.0000000000,0.0000000000,3766.6667480469,911.3402709961,13.4833297729,
8.9466838837,72.4427947998,0.0000000000,661.1644287109,0.0000000000,5700.0000000000,5700.0004882813,10.3808593750,121.3774795532,121.3774795532,121.3774795532,121.3774795532,1.0000000000,1014.3552246094,0.0000000000,111.8400421143,111.8400421143,111.8400421143,111.8400421143,1.0000000000,628.4664306641,628.4664306641,121.3774795532,121.3774795532,628.4664306641,628.4664306641,121.3774795532,121.3774795532,5.6193332672,0.0000000000,4.7374024391,0.0000000000,0.0000000000,3800.0000000000,934.4928588867,13.6936264038,
9.0817708969,73.0783004761,0.0000000000,675.5793457031,0.0000000000,5750.0000000000,5750.0034179688,10.3808593750,120.8802947998,120.8802947998,120.8802947998,120.8802947998,1.0000000000,1023.2536010742,0.0000000000,110.4133300781,110.4133300781,110.4133300781,110.4133300781,1.0000000000,620.4492797852,620.4492797852,120.8802947998,120.8802947998,620.4492797852,620.4492797852,120.8802947998,120.8802947998,5.6193304062,0.0000000000,4.6769685745,0.0000000000,0.0000000000,3833.3332519531,958.1761474609,13.9067850113,
9.2185287476,73.7137374878,0.0000000000,690.3000488281,0.0000000000,5800.0000000000,5800.0014648438,10.3808593750,120.4669647217,120.4669647217,120.4669647217,120.4669647217,1.0000000000,1032.1511230469,0.0000000000,109.0872344971,109.0872344971,109.0872344971,109.0872344971,1.0000000000,612.9975585938,612.9975585938,120.4669647217,120.4669647217,612.9975585938,612.9975585938,120.4669647217,120.4669647217,5.6193318367,0.0000000000,4.6207971573,0.0000000000,0.0000000000,3866.6667480469,982.3681640625,14.1225795746,
9.3561754227,74.3491973877,0.0000000000,705.2445678711,0.0000000000,5850.0000000000,5850.0009765625,10.3808593750,121.1806106567,121.1806106567,121.1806106567,121.1806106567,1.0000000000,1041.0489501953,0.0000000000,108.7955856323,108.7955856323,108.7955856323,108.7955856323,1.0000000000,611.3586425781,611.3586425781,121.1806106567,121.1806106567,611.3586425781,611.3586425781,121.1806106567,121.1806106567,5.6193327904,0.0000000000,4.6084432602,0.0000000000,0.0000000000,3900.0000000000,1006.9338989258,14.3397769928,
9.4940948486,74.9846191406,0.0000000000,720.3471069336,0.0000000000,5900.0000000000,5899.9980468750,10.3808593750,122.2225112915,122.2225112915,122.2225112915,122.2225112915,1.0000000000,1049.9461669922,0.0000000000,108.8011398315,108.8011398315,108.8011398315,108.8011398315,1.0000000000,611.3898315430,611.3898315430,122.2225112915,122.2225112915,611.3898315430,611.3898315430,122.2225112915,122.2225112915,5.6193356514,0.0000000000,4.6086783409,0.0000000000,0.0000000000,3933.3332519531,1031.7640380859,14.5574045181,
9.6324253082,75.6201629639,0.0000000000,735.6236572266,0.0000000000,5950.0000000000,5950.0043945313,10.3808593750,122.3329544067,122.3329544067,122.3329544067,122.3329544067,1.0000000000,1058.8452148438,0.0000000000,107.9842147827,107.9842147827,107.9842147827,107.9842147827,1.0000000000,606.7993164063,606.7993164063,122.3329544067,122.3329544067,606.7993164063,606.7993164063,122.3329544067,122.3329544067,5.6193294525,0.0000000000,4.5740747452,0.0000000000,0.0000000000,3966.6667480469,1056.8814697266,14.7756814957,
9.7717847824,76.2555236816,0.0000000000,751.1434936523,0.0000000000,6000.0000000000,5999.9965820313,10.3808593750,122.6600494385,122.6600494385,122.6600494385,122.6600494385,1.0000000000,1067.7416992188,0.0000000000,107.3708038330,107.3708038330,107.3708038330,107.3708038330,1.0000000000,603.3523559570,603.3523559570,122.6600494385,122.6600494385,603.3523559570,603.3523559570,122.6600494385,122.6600494385,5.6193366051,0.0000000000,4.5480914116,0.0000000000,0.0000000000,4000.0000000000,1082.3989257813,14.9955806732,
9.9119319916,76.8910980225,0.0000000000,766.8815917969,0.0000000000,6050.0000000000,6050.0048828125,10.3808593750,122.7678298950,122.7678298950,122.7678298950,122.7678298950,1.0000000000,1076.6409912109,0.0000000000,106.5768585205,106.5768585205,106.5768585205,106.5768585205,1.0000000000,598.8909301758,598.8909301758,122.7678298950,122.7678298950,598.8909301758,598.8909301758,122.7678298950,122.7678298950,5.6193289757,0.0000000000,4.5144610405,0.0000000000,0.0000000000,4033.3332519531,1108.2725830078,15.2167234421,
10.0538978577,77.5264663696,0.0000000000,782.9564208984,0.0000000000,6100.0000000000,6099.9975585938,10.3808593750,121.7292098999,121.7292098999,121.7292098999,121.7292098999,1.0000000000,1085.5375976563,0.0000000000,104.8091583252,104.8091583252,104.8091583252,104.8091583252,1.0000000000,588.9575805664,588.9575805664,121.7292098999,121.7292098999,588.9575805664,588.9575805664,121.7292098999,121.7292098999,5.6193356514,0.0000000000,4.4395833015,0.0000000000,0.0000000000,4066.6667480469,1134.6927490234,15.4407367706,
10.1986598969,78.1619796753,0.0000000000,799.4827270508,0.0000000000,6150.0000000000,6150.0014648438,10.3808593750,119.6562347412,119.6562347412,119.6562347412,119.6562347412,1.0000000000,1094.4361572266,0.0000000000,102.1866531372,102.1866531372,102.1866531372,102.1866531372,1.0000000000,574.2208862305,574.2208862305,119.6562347412,119.6562347412,574.2208862305,574.2208862305,119.6562347412,119.6562347412,5.6193318367,0.0000000000,4.3284974098,0.0000000000,0.0000000000,4100.0000000000,1161.8428955078,15.6691617966,
10.3469467163,78.7974319458,0.0000000000,816.5495605469,0.0000000000,6200.0000000000,6200.0004882813,10.3808593750,118.6641998291,118.6641998291,118.6641998291,118.6641998291,1.0000000000,1103.3338623047,0.0000000000,100.5222167969,100.5222167969,100.5222167969,100.5222167969,1.0000000000,564.8678588867,564.8678588867,118.6641998291,118.6641998291,564.8678588867,564.8678588867,118.6641998291,118.6641998291,5.6193327904,0.0000000000,4.2579936981,0.0000000000,0.0000000000,4133.3334960938,1189.8668212891,15.9031486511,
10.4968042374,79.4328994751,0.0000000000,833.9362792969,0.0000000000,6250.0000000000,6250.0009765625,10.3808593750,118.6669845581,118.6669845581,118.6669845581,118.6669845581,1.0000000000,1112.2316894531,0.0000000000,99.7203826904,99.7203826904,99.7203826904,99.7203826904,1.0000000000,560.3620605469,560.3620605469,118.6669845581,118.6669845581,560.3620605469,560.3620605469,118.6669845581,118.6669845581,5.6193327904,0.0000000000,4.2240290642,0.0000000000,0.0000000000,4166.6665039063,1218.4006347656,16.1396121979,
10.6496667862,80.0683517456,0.0000000000,851.8145751953,0.0000000000,6300.0000000000,6300.0004882813,10.3808593750,115.1106796265,115.1106796265,115.1106796265,115.1106796265,1.0000000000,1121.1295166016,0.0000000000,95.9641723633,95.9641723633,95.9641723633,95.9641723633,1.0000000000,539.2546997070,539.2546997070,115.1106796265,115.1106796265,539.2546997070,539.2546997070,115.1106796265,115.1106796265,5.6193332672,0.0000000000,4.0649209023,0.0000000000,0.0000000000,4200.0000000000,1247.7141113281,16.3808193207,
10.8149833679,80.7039184570,0.0000000000,871.3044433594,0.0000000000,6350.0000000000,6350.0078125000,10.3808593750,101.9940490723,101.9940490723,101.9940490723,101.9940490723,1.0000000000,1130.0286865234,0.0000000000,84.3596267700,84.3596267700,84.3596267700,84.3596267700,1.0000000000,474.0448303223,474.0448303223,101.9940490723,101.9940490723,474.0448303223,474.0448303223,101.9940490723,101.9940490723,5.6193261147,0.0000000000,3.5733666420,0.0000000000,0.0000000000,4233.3334960938,1279.6099853516,16.6416778564,
11.0218639374,81.3395004272,0.0000000000,895.8902587891,0.0000000000,6400.0000000000,6400.0180664063,10.3808593750,70.7724456787,70.7724456787,70.7724456787,70.7724456787,1.0000000000,1138.9283447266,0.0000000000,58.0787315369,58.0787315369,58.0787315369,58.0787315369,1.0000000000,326.3637390137,326.3637390137,70.7724456787,70.7724456787,326.3637390137,326.3637390137,70.7724456787,70.7724456787,5.6193175316,0.0000000000,2.4601414204,0.0000000000,0.0000000000,4266.6665039063,1319.6624755859,16.9681224823,
